{"cameraMode":{"drawMode":0,"name":"Shaded","section":"Shading Mode"},"sceneLighting":true,"audioPlay":false,"sceneViewState":{"m_AlwaysRefresh":false,"showFog":true,"showSkybox":true,"showFlares":true,"showImageEffects":true,"showParticleSystems":true,"showVisualEffectGraphs":true,"m_FxEnabled":true},"in2DMode":false,"pivot":{"x":1152.9859619140625,"y":0.4321601986885071,"z":1068.6807861328125},"rotation":{"x":0.22162383794784547,"y":-0.013163832016289235,"z":0.0029921012464910747,"w":0.9750389456748962},"size":10.923527717590332,"orthographic":false}